[
    {
        "image": "images/imageMask.png",
        "title": "Acceleration",
        "subject": "Physics",
        "grade": 7,
        "additional_grade": 2,
        "units": 4,
        "lessons": 18,
        "topics": 24,
        "classes": [
            "Mr. Frank's Class B",
            "Mr. Frank's Class A",
            "Mr. Frank's Class C"
        ],
        "students": 50,
        "start_date": "21-Jan-2020",
        "end_date": "21-Aug-2020",
        "isfavourite": true,
        "isexpired": false,
        "footer": {
            "iswatch": true,
            "iscalender": true,
            "isgraded": true,
            "isreported": true
        }
    },
    {
        "image": "images/imageMask-1.png",
        "title": "Displacement, Velocity and Speed",
        "subject": "Physics 2",
        "grade": 6,
        "additional_grade": 3,
        "units": 2,
        "lessons": 15,
        "topics": 20,
        "classes": [],
        "students": null,
        "start_date": null,
        "end_date": null,
        "isfavourite": true,
        "isexpired": false,
        "footer": {
            "iswatch": true,
            "iscalender": false,
            "isgraded": false,
            "isreported": true
        }
    },
    {
        "image": "images/imageMask-3.png",
        "title": "Introduction to Biology: Micro organisms and how they affected by new people",
        "subject": "Biology",
        "grade": 4,
        "additional_grade": 1,
        "units": 5,
        "lessons": 16,
        "topics": 22,
        "classes": [
            "All Classes"
        ],
        "students": 300,
        "start_date": null,
        "end_date": null,
        "isfavourite": true,
        "isexpired": false,
        "footer": {
            "iswatch": true,
            "iscalender": false,
            "isgraded": false,
            "isreported": true
        }
    },
    {
        "image": "images/imageMask-2.png",
        "title": "Introduction to High School Mathematics",
        "subject": "Mathematics",
        "grade": 8,
        "additional_grade": 3,
        "units": null,
        "lessons": null,
        "topics": null,
        "classes": [
            "Mr. Frank's Class A",
            "Mr. Frank's Class B",
            "Mr. Frank's Class C"
        ],
        "students": 44,
        "start_date": "14-OCT-2019",
        "end_date": "20-OCT-2020",
        "isfavourite": false,
        "isexpired": true,
        "footer": {
            "iswatch": true,
            "iscalender": true,
            "isgraded": true,
            "isreported": true
        }
    }
]